product_id,product_name,category,retail_price_usd,cost_price_usd,profit_margin_usd,supplier_name,supplier_product_url,supplier_sku,lead_time_days,stripe_payment_link,notes
bundle-bodywave,Lawless Body Wave Bundle — Raw Vietnamese,Bundles,89,,,,,,,,
bundle-bonestraight,Lawless Bone Straight Bundle — Raw Vietnamese,Bundles,89,,,,,,,,
bundle-deepwave,Lawless Deep Wave Bundle,Bundles,95,,,,,,,,
bundle-loosewave,Lawless Loose Wave Bundle,Bundles,95,,,,,,,,
bundle-kinkystraight,Flawless Kinky Straight Bundle,Bundles,99,,,,,,,,
bundle-royal-indian,Royal Raw Indian Temple Bundle,Bundles,129,,,,,,,,
closure-4x4,Lawless 4×4 HD Lace Closure,Closures & Frontals,79,,,,,,,,
closure-5x5,Lawless 5×5 HD Lace Closure,Closures & Frontals,99,,,,,,,,
frontal-13x4,Lawless 13×4 HD Lace Frontal,Closures & Frontals,149,,,,,,,,
wig-glueless-bodywave,Flawless Glueless 4×4 Closure Wig — Body Wave,Wigs,189,,,,,,,,
wig-13x4-straight,Flawless 13×4 Lace Frontal Wig — Straight,Wigs,249,,,,,,,,
wig-upart-deepwave,Flawless Deep Wave U-Part Wig,Wigs,169,,,,,,,,
wig-13x6-bob,Flawless 13×6 Body Wave Bob Wig,Wigs,159,,,,,,,,
edge-control,Lawless Edge Control — 4 oz,Beauty Essentials,14,,,,,,,,
lace-melt-spray,Lawless Lace Melt Spray,Beauty Essentials,19,,,,,,,,
hair-oil,Lawless Hair Oil — Rosemary Mint,Beauty Essentials,24,,,,,,,,
